https://aniruddhadeb.com/articles/2022/dl-workflow-2023.html, https://aniruddhadeb.com/articles/2022/dl-workflow-2023/
https://aniruddhadeb.com/articles/2022/seven-days-of-creation.html, https://aniruddhadeb.com/articles/2022/seven-days-of-creation/
https://aniruddhadeb.com/articles/2022/knights-and-knaves.html, https://aniruddhadeb.com/articles/2022/knights-and-knaves/
https://aniruddhadeb.com/articles/2022/simple-sudoku-solver.html, https://aniruddhadeb.com/articles/2022/simple-sudoku-solver/
https://aniruddhadeb.com/articles/2022/manjaro-rice.html, https://aniruddhadeb.com/articles/2022/manjaro-rice/
https://aniruddhadeb.com/articles/2022/iit-course-planner-1.html, https://aniruddhadeb.com/articles/2022/iit-course-planner-1/
https://aniruddhadeb.com/articles/2022/orbital-oberth.html, https://aniruddhadeb.com/articles/2022/orbital-oberth/
https://aniruddhadeb.com/articles/2022/hackerfx-v2.html, https://aniruddhadeb.com/articles/2022/hackerfx-v2/
https://aniruddhadeb.com/articles/2022/daft-punk-interstella.html, https://aniruddhadeb.com/articles/2022/daft-punk-interstella/
https://aniruddhadeb.com/articles/2022/arch-linux-1.html, https://aniruddhadeb.com/articles/2022/arch-linux-1/
https://aniruddhadeb.com/articles/2022/filtrations.html, https://aniruddhadeb.com/articles/2022/filtrations/
https://aniruddhadeb.com/articles/2022/rise-of-codefluencer.html, https://aniruddhadeb.com/articles/2022/rise-of-codefluencer/
https://aniruddhadeb.com/articles/2022/ns3-installation.html, https://aniruddhadeb.com/articles/2022/ns3-installation/
https://aniruddhadeb.com/articles/2022/vim-sutras.html, https://aniruddhadeb.com/articles/2022/vim-sutras/
https://aniruddhadeb.com/articles/2022/badminton-habits.html, https://aniruddhadeb.com/articles/2022/badminton-habits/
https://aniruddhadeb.com/articles/2022/leadership.html, https://aniruddhadeb.com/articles/2022/leadership/
https://aniruddhadeb.com/articles/2022/man-who-sold-the-world.html, https://aniruddhadeb.com/articles/2022/man-who-sold-the-world/
https://aniruddhadeb.com/articles/2022/cold-showers.html, https://aniruddhadeb.com/articles/2022/cold-showers/
https://aniruddhadeb.com/articles/2022/nvim-ricing.html, https://aniruddhadeb.com/articles/2022/nvim-ricing/
https://aniruddhadeb.com/articles/2022/intern-inferno.html, https://aniruddhadeb.com/articles/2022/intern-inferno/
https://aniruddhadeb.com/articles/2022/boot-deep-dive.html, https://aniruddhadeb.com/articles/2022/boot-deep-dive/
https://aniruddhadeb.com/articles/2022/freedom.html, https://aniruddhadeb.com/articles/2022/freedom/
https://aniruddhadeb.com/articles/2022/ml-zoo.html, https://aniruddhadeb.com/articles/2022/ml-zoo/
https://aniruddhadeb.com/articles/2022/jee-2022-problem.html, https://aniruddhadeb.com/articles/2022/jee-2022-problem/
https://aniruddhadeb.com/articles/2022/heteroscedastic-variance-estimation.html, https://aniruddhadeb.com/articles/2022/heteroscedastic-variance-estimation/
https://aniruddhadeb.com/articles/2023/rcu-comic.html, https://aniruddhadeb.com/articles/2023/rcu-comic/
https://aniruddhadeb.com/articles/2023/properly-illustrated-transformer.html, https://aniruddhadeb.com/articles/2023/properly-illustrated-transformer/
https://aniruddhadeb.com/articles/2023/easy-to-mess-up.html, https://aniruddhadeb.com/articles/2023/easy-to-mess-up/
https://aniruddhadeb.com/articles/2023/updated-dl-workflow-2023.html, https://aniruddhadeb.com/articles/2023/updated-dl-workflow-2023/
https://aniruddhadeb.com/articles/2023/mac-setup-2.html, https://aniruddhadeb.com/articles/2023/mac-setup-2/
https://aniruddhadeb.com/articles/2023/intern-ashes.html, https://aniruddhadeb.com/articles/2023/intern-ashes/
https://aniruddhadeb.com/articles/2023/l2-regularization.html, https://aniruddhadeb.com/articles/2023/l2-regularization/
https://aniruddhadeb.com/articles/2023/luck-or-skill.html, https://aniruddhadeb.com/articles/2023/luck-or-skill/
https://aniruddhadeb.com/articles/2023/optimizers-1.html, https://aniruddhadeb.com/articles/2023/optimizers-1/
https://aniruddhadeb.com/articles/2023/batch-normalization.html, https://aniruddhadeb.com/articles/2023/batch-normalization/
https://aniruddhadeb.com/articles/2017/tcsitwiz-experience.html, https://aniruddhadeb.com/articles/2017/tcsitwiz-experience/
https://aniruddhadeb.com/articles/2017/nssq-experience.html, https://aniruddhadeb.com/articles/2017/nssq-experience/
https://aniruddhadeb.com/articles/2017/python-crash-course.html, https://aniruddhadeb.com/articles/2017/python-crash-course/
https://aniruddhadeb.com/articles/2021/note-on-random-variables.html, https://aniruddhadeb.com/articles/2021/note-on-random-variables/
https://aniruddhadeb.com/articles/2021/sublime-text-setup.html, https://aniruddhadeb.com/articles/2021/sublime-text-setup/
https://aniruddhadeb.com/articles/2021/updates-on-life.html, https://aniruddhadeb.com/articles/2021/updates-on-life/
https://aniruddhadeb.com/articles/2021/understanding-jacobians.html, https://aniruddhadeb.com/articles/2021/understanding-jacobians/
https://aniruddhadeb.com/articles/2021/last-time.html, https://aniruddhadeb.com/articles/2021/last-time/
https://aniruddhadeb.com/articles/2021/how-it-happened.html, https://aniruddhadeb.com/articles/2021/how-it-happened/
https://aniruddhadeb.com/articles/2021/note-on-conditional-probability.html, https://aniruddhadeb.com/articles/2021/note-on-conditional-probability/
https://aniruddhadeb.com/articles/2021/function-transforms.html, https://aniruddhadeb.com/articles/2021/function-transforms/
https://aniruddhadeb.com/articles/2021/c-mac.html, https://aniruddhadeb.com/articles/2021/c-mac/
https://aniruddhadeb.com/articles/2021/latex-primer.html, https://aniruddhadeb.com/articles/2021/latex-primer/
https://aniruddhadeb.com/articles/2021/this-summer.html, https://aniruddhadeb.com/articles/2021/this-summer/
https://aniruddhadeb.com/articles/2020/freecad-intro.html, https://aniruddhadeb.com/articles/2020/freecad-intro/
https://aniruddhadeb.com/articles/2020/covid-19-usa.html, https://aniruddhadeb.com/articles/2020/covid-19-usa/
https://aniruddhadeb.com/articles/2020/lagrange-interpolation.html, https://aniruddhadeb.com/articles/2020/lagrange-interpolation/
https://aniruddhadeb.com/articles/2020/zeta-2-integral.html, https://aniruddhadeb.com/articles/2020/zeta-2-integral/
https://aniruddhadeb.com/articles/2020/hard-limits.html, https://aniruddhadeb.com/articles/2020/hard-limits/
https://aniruddhadeb.com/articles/2020/limit-higher-order-infinitesimals.html, https://aniruddhadeb.com/articles/2020/limit-higher-order-infinitesimals/
https://aniruddhadeb.com/articles/2020/no-square-ends-in-3.html, https://aniruddhadeb.com/articles/2020/no-square-ends-in-3/
https://aniruddhadeb.com/articles/2020/roots-of-fn(x).html, https://aniruddhadeb.com/articles/2020/roots-of-fn(x)/
https://aniruddhadeb.com/articles/2020/covid-regression-analysis.html, https://aniruddhadeb.com/articles/2020/covid-regression-analysis/
https://aniruddhadeb.com/articles/2020/isc-2020-analysis.html, https://aniruddhadeb.com/articles/2020/isc-2020-analysis/
https://aniruddhadeb.com/articles/2020/covid-regression-analysis-update.html, https://aniruddhadeb.com/articles/2020/covid-regression-analysis-update/
https://aniruddhadeb.com/articles/2020/icosahedron-resistor-network.html, https://aniruddhadeb.com/articles/2020/icosahedron-resistor-network/
https://aniruddhadeb.com/articles/2020/electronics-problem.html, https://aniruddhadeb.com/articles/2020/electronics-problem/
https://aniruddhadeb.com/articles/2020/good-jee-main-problem.html, https://aniruddhadeb.com/articles/2020/good-jee-main-problem/
https://aniruddhadeb.com/articles/2020/inorganic-heterocycles.html, https://aniruddhadeb.com/articles/2020/inorganic-heterocycles/
https://aniruddhadeb.com/articles/2020/algorithms-in-c.html, https://aniruddhadeb.com/articles/2020/algorithms-in-c/
https://aniruddhadeb.com/articles/2020/iit-delhi-mnc.html, https://aniruddhadeb.com/articles/2020/iit-delhi-mnc/
https://aniruddhadeb.com/articles/2020/iit_dep_finder.html, https://aniruddhadeb.com/articles/2020/iit_dep_finder/
https://aniruddhadeb.com/articles/2020/mathjax-test.html, https://aniruddhadeb.com/articles/2020/mathjax-test/
https://aniruddhadeb.com/articles/2020/mathnotes-launch.html, https://aniruddhadeb.com/articles/2020/mathnotes-launch/
https://aniruddhadeb.com/articles/2020/shortest-solution.html, https://aniruddhadeb.com/articles/2020/shortest-solution/
https://aniruddhadeb.com/articles/2020/mac-system-setup.html, https://aniruddhadeb.com/articles/2020/mac-system-setup/
https://aniruddhadeb.com/articles/2020/african-integral.html, https://aniruddhadeb.com/articles/2020/african-integral/
https://aniruddhadeb.com/articles/2020/debunking-concepts-of-physics.html, https://aniruddhadeb.com/articles/2020/debunking-concepts-of-physics/
https://aniruddhadeb.com/articles/2018/electronic-clock-pt-2.2.html, https://aniruddhadeb.com/articles/2018/electronic-clock-pt-2.2/
https://aniruddhadeb.com/articles/2018/electronic-clock-pt-2.html, https://aniruddhadeb.com/articles/2018/electronic-clock-pt-2/
https://aniruddhadeb.com/articles/2018/electronic-clock-pt-1.html, https://aniruddhadeb.com/articles/2018/electronic-clock-pt-1/
https://aniruddhadeb.com/articles/2018/OCAJP.html, https://aniruddhadeb.com/articles/2018/OCAJP/
https://aniruddhadeb.com/articles/2018/ICSE-math-forecast.html, https://aniruddhadeb.com/articles/2018/ICSE-math-forecast/